Job_titles,Hiring_companies,Locations,Job_types,Job_links
Night Shift Customer Support Officer,Chapa,"Addis Ababa, Addis Ababa, Ethiopia",On-site,https://www.linkedin.com/jobs/view/4198222047/?eBP=CwEAAAGV-8MpsqUa1QsX67nhB9UEmCWO3AENiiBRWuh5NqtBJ-R8c6u6nFDtd5HqORDGXX9oo-bFMNxvp4BVf5qqc80E4CEdc0RzHUf_bpw3Zm_xWYUTGMdWP1_2X1R8D3P_vvp1AM7kPek96pOW8zvH4S6SJsE4JKDTaB2HTPTR3ACG2tldOmulP9GiDkFhop111lksNe1-m6XRKY34-QK3fSkxtwkwzFldMcA8XvIKuY_VxUyMya6zqtRIDIcVl00197F7WBLF_QDOzBusS513194d2_0qtCVFMuMsIEuB9aA3cYEeY-EPLkEfrz1n-TL9Zwio6b-r_PD4C7y_wWl3TRWll-sZISa3fADtg3Z77SO74lJ8SzYVYq8cd0KFBxUW9r8-G5Rc6uRTyjE6UF0GQSHscE77SEHhD132xS_iyWkO4wjW2x9FsXLkXvMreO0VdD_Jh1R1QIeHlbmNyb54-w&refId=w%2BiKr66%2FGuOBuDA35O6hLg%3D%3D&trackingId=otuYQuys9lpHtIQxnidpTQ%3D%3D&trk=flagship3_search_srp_jobs&lipi=urn%3Ali%3Apage%3Ad_flagship3_search_srp_jobs%3BWfhbkQu9SzWj8pjiXUNRWg%3D%3D&lici=otuYQuys9lpHtIQxnidpTQ%3D%3D
Agrochemical Business Manager - Ethiopia,"EASTCHEM CO., LTD.","Addis Ababa, Ethiopia",On-site,https://www.linkedin.com/jobs/view/4197044613/?eBP=CwEAAAGV-8MpssxpA-2EbqCOi2-hYE_p219FJZ1BzZsD1FwtoA3TXgcqOAvVRAd7WKTJtOfaXUofBWN1Un8ZuQgc4jn3Fa_Mh8Ky3rWY3HzDm4gkSYHbaXUmnMvGvb7iC-tq9DlReZNGOts3EoH9-NGwoyJLHBlSNiEzrhN9y-oaWnc8peH1oOv5lFz4LneFPHZft5mmwwENG_FtyBSdMGQILFA-doHxOdQ2278seetfRDP1QaIDMAiGzyr-f-t4-ev67j7HZLQvbYowFmdz2mvUDnxyCp_ttC7W04wem-GR0gjbd-J06VRNsMBogG-apctMprnCKTnjW8wNE9qZrj6rZVy3vii-s2wf_3h__hGcTqjQTFgMGocPxVb8bN5PoDuSbwKi2rS3yIy4WL3n9Q_G7ajujaTqhBcy4VJH917diq7kRSc92YPweTc8VYz0pBYyY3zeI6hR2LKOjkXg0EJUFG15RoE5Jc-mSUYDTJe5fr5RIIK5Cdqmgg2MjqbQs7em4QpRvWWZiw&refId=w%2BiKr66%2FGuOBuDA35O6hLg%3D%3D&trackingId=1%2BDldjUKu7Kp%2BqBMg1P%2BiA%3D%3D&trk=flagship3_search_srp_jobs
Business Application Supervisor,ethioTelecom,"Addis Ababa, Addis Ababa, Ethiopia",On-site,https://www.linkedin.com/jobs/view/4199089687/?eBP=CwEAAAGV-8MpsnQhLhf_xTV-5gFmUy4lVHUhGCsYvw_NGNzgMdPnhdWj5P9_r_L0htiaes8KTl8stsTDCQTdOJtDyNNWkA2ggzdhiwVQ0fY_gp1vNK6s0-RnLKsIz2vgTCUbAvVslbNwVkKosIbu5BCL_pCiPUixVW155mP8v4OJjW6pXNEZiGOJbeW6HmigVIp3tvRWxcsCgO-h5A1MkGU5NgTyA6iYd4RMawDFj9Pi_yEBAWn1iO31l4n4XrS8QRZoztiVC7fqSZby0aYFmxXeBBgZvlrgg_T4bFIPm0FzDf-oeTNgJaneQDJZ2PbQ3L7ZdqZHtk61-H9EEyHWTKs8Wq0tCPROHkhxPlotD79HyTHXgZtFnDrFAjQTpMyAQ70RaAkcAeJc0y0uNZ9srg1JE7rWb3jk4nvUHiRtNMynpFd1qXFCCQqZ3Fy_71gdupGy6G8F1XUF4lyts-4n5pTYJDWAfK4Ej1jbeqGlfB0SYBgkGJtyXxfcdOKvj3OS81BcKQQ&refId=w%2BiKr66%2FGuOBuDA35O6hLg%3D%3D&trackingId=ygsoQlCDX5W6UtPwaZ%2Fdjg%3D%3D&trk=flagship3_search_srp_jobs
Database Administrator,micro1,EMEA,Remote,https://www.linkedin.com/jobs/view/4197081103/?eBP=NOT_ELIGIBLE_FOR_CHARGING&refId=w%2BiKr66%2FGuOBuDA35O6hLg%3D%3D&trackingId=dijcU%2Fkm8gGr99TZ9Y304g%3D%3D&trk=flagship3_search_srp_jobs
Real estate  Supervisor,real state,"Addis Ababa, Ethiopia",On-site,https://www.linkedin.com/jobs/view/4199547524/?eBP=CwEAAAGV-8MpsvNgCnX7yovfIOazbwn9UHDjV6OQuKh-c4ikndkS06I0yO5Vxr3qdVeBz0U6ZUbvB_CB-iW3pN-Wu_1sI4ZzKNk3vX68RBniMkvYlvLYPcs_ij6_dzfHiQVvJBC2M2Fis1qyF_BdkyMI78PgFTt3Kqe55vAwrwbXWHMjwniZK-QzpicwnHFaxUuo84H-2ln6LsC0hkNn9EWbQ1bJ6KJppFgp8o2lPGmf3ThmpGE9pmdimdL3lY1IrTKtRexjGaAFs_RdzZDvua6cr79JubGKpSa11EcNJkexCu1vNxGdkK_lHO1HeIeBAmepwM9gFpBVHQjdt2zEgMDCHCb5YZQf0hz1xSK_6ncsgNTT9ME6vArGqjIGyp_pcnUDGTehAm80tKvkHUqa2PPZuqoVblVpAR4oTfX_0RLE5jZISKY3pCrigQIW2cLFDWO-j7L4mH3fqYuJahHeYcrH3Q&refId=w%2BiKr66%2FGuOBuDA35O6hLg%3D%3D&trackingId=VGzfRLx4zUGlnon37LRSEg%3D%3D&trk=flagship3_search_srp_jobs
Sales Service Representative,AACTS Cloud,"Addis Ababa, Ethiopia",On-site,https://www.linkedin.com/jobs/view/3991360507/?eBP=CwEAAAGV-8Mps0XwkOcg_UoOH2EW7IXy9PF9qOnD5QT3612Q9jYoO_Da3U7nRawLKYYv3hNO0hOhX4Wqw0fIfrezoEFElgTXFQvIPim_Gv0l4gz5EL_xEd6Q_CInG1T4z8ylrPowOvESJMn_4hMGVsqR3h1wUGXB7Ny-ThdxbRaPtzCF5Rooybv4C2BGEcbOgbwfP0_0rGHcdiNOjmEelkhJ63OCl-8URvPmChfaMuWgvL-xnsG9a48yTNBUAo_upWChaFYo3z_CPxt87saVL5t8OLxG9FdIH2_knQzuHTLb1lAf_w4PH-GXGHe-1LGp9n3VBO1mUXd16I8BsR6RbDwppNj5SvHMJukK28vmBz7ojCjL2-_1umKgZmL-wKhebrSIHEmv-xXWrEMVDenANX1tKNSeU9GZq2r9SI3nwCPLkAFr56DCTfg_87Yv7VC5gPtUi35Vhiqq0O0RByiwMQM&refId=w%2BiKr66%2FGuOBuDA35O6hLg%3D%3D&trackingId=HUW6WeXHCtASrkhLWa0ieQ%3D%3D&trk=flagship3_search_srp_jobs
Waiter/ess - DT Addis Ababa,Hilton,"Addis Ababa, Addis Ababa, Ethiopia",On-site,https://www.linkedin.com/jobs/view/4094961549/?eBP=CwEAAAGV-8MpswhebXOoL6eG6gz3r8LNNDo_Sm1JwoMXV9dhYgrnT0y96cMiXmhFXkPHvGEI0XuYF0PkJwvI61PmK37IYAFEKk4Uu0sazyrBFSKLODGPcR7R2E48X93n01GuQ4rpN-1tk32ZLV8dKJ8PN6hwtqLnoQv8Fj1Hl7gpTr562IhssfKw0wbiVFMiwxq3SdQbfHGlMLOaLHYhUY8gdkemLZTwPeZukwc9J5H5sV4w6_xXNM9qlXTTjSvypCABmUaYXRR-e8OxJk5Ny7fdHWFeaWfEc7WCIhHKRgYTTC0rolcDNsXTqMVXM7C5aqYMmMPs4mhYXinePE-Kf_ynIFH485SqLZQoQ0YXJtFAbF0Ba6u2T9CqZO2mOp0D1nlMY3t-QhbgOCCR1kVkEapHUGGc0l-1HKtLP3-gR4_eyo02bQUNzAZsGWF5XthBU9DrLvazVbYdFVk8FFdouF1n0vN9fShidzEYWkJF-vNnLdw21s9gpqhNiJtKVd58zzcHikR_pZFlB9Jw&refId=w%2BiKr66%2FGuOBuDA35O6hLg%3D%3D&trackingId=geebb1oFMog33erGm%2BGBYQ%3D%3D&trk=flagship3_search_srp_jobs
Sales Professional,krinfud Digitals Marketing and communications,"Addis Ababa, Ethiopia",On-site,https://www.linkedin.com/jobs/view/4196290638/?eBP=CwEAAAGV-8Mpsw9-J0rW8XiSq416Zzr51g4rGyu_JxYMvGr3HoXJj5Z4xTunbYYV24Bp5h5btXqXk5mcZ0JHE9Ls2jM-9xjoerMM1tnzVL6_xSGNvqKVizLsF6QAL3MwLyXemvMft9DY8ElGt5UOQcoR-hJdH-I1bFHzAGAY49qDUHVDUphyGxV8SQc0OuLp0pnJ0pGykiRo5am-awdeLHLxZI0DMIbgDSUWKWBTPhwX1YkU0-XEy2d3LEiRY0qi8nMqLNICMv-cxvBgkWLMbe6RQkqeRLpR_wUWpu9BwsBRaGnIKsrHBvUIrg2RL_wOGx5cdhC10V_6hySEYd481ygihF0NKnJKf2ndDpdLO0htZ2TkV3cqJLzTrOX2S-sOPl007qlHQrH82wJQWsRZzZUHkhOASOnbjMztgmGfDt0PiHfP13BV0LipjyCIAFFFSGHRWXMpFyBMl8qyJv4mBwFfxg&refId=w%2BiKr66%2FGuOBuDA35O6hLg%3D%3D&trackingId=UqZBtcjpMc8xzp9zGAdsYg%3D%3D&trk=flagship3_search_srp_jobs
Lecturer,rift valley university,"Addis Ababa, Ethiopia",On-site,https://www.linkedin.com/jobs/view/4197543873/?eBP=CwEAAAGV-8Mps4oeQVgbwUuK8B5JinNIH_H8ioIqFfTck1nitSQiQ_RKXhxaBBsdhv3kEGNGYP91A3UagHlAfVIV0C26Jh-BnOIk5juu7ms7y6xld1KD0o_yQSFjjxg3N9emy3_yzX6RRgjDLPJIrnWayCMP38Jlq0z1wye0z1D7dD_ywKtcqdXHujFsntBTqsx7ODsy4KyXqRPwkBkXIMLwgJmXJw_VxEH8L8c1QTRBBP-UgBLZRsxog4QICOb8MMtz5MWWon9NJMnP2LJ7NM5PlFXniYlQZeDmfC6I3PxI9mUWbofYsG3UbX-DQosXdsB9_Zfs3g-dwXxz2biXHbBFh6e08S_PCCDAtAf-wS8BN4ycbiICCMaISYcaIrYnmadxQKzViNtpkXPQUcpDB18MzUicWQfJ0d4D6aeopst5jcuO8ZTRMg3hI0GpVGFClqeS8ytfFFY_mrH1YU_fHSs&refId=w%2BiKr66%2FGuOBuDA35O6hLg%3D%3D&trackingId=lteZp56LfkvHnEicJjyysg%3D%3D&trk=flagship3_search_srp_jobs
AI Training [Remote] - Coders,Braintrust,EMEA,Remote,https://www.linkedin.com/jobs/view/4195721432/?eBP=NOT_ELIGIBLE_FOR_CHARGING&refId=w%2BiKr66%2FGuOBuDA35O6hLg%3D%3D&trackingId=Jie5IzUKJM3RClpls4eEFA%3D%3D&trk=flagship3_search_srp_jobs
Senior Consultant,East Africa Gate (EAGate),"Addis Ababa, Ethiopia",On-site,https://www.linkedin.com/jobs/view/4199552233/?eBP=CwEAAAGV-8Mps1gfxcUYysXvnTnH-gX0X_1s9TX3z-yfyY9o1vDrKouoVlOXFs_HwxSgn4ReK8gUl2kRbi5U5HyKi3314Ra9PwTD3vyRWHCE7lsYDw_Mmj8hGvgwsWOKEh69yNvOQnRnmddMZoOAspPQqWnfHwDnH-R6y3gUIHo8u6bLKaHY7dX1ldsUgjANPy4Wm0s5SQDrYSXjIShF3HuLg6AwjqrJCXxKO4LE8sSzUeCsrraFGdLAaY8bcYYBz6-lN8ISUxtNJCYEqf5pQXBxYJYX8H8BusQycHxYi32jVzUFIieQxO3KdesF_ql6y2amBHCEfutWs5MQG4Wbxx7EX8A80srLJ5vgfkYREFDGOWOxpbaDANkb-juXKCqdEAjE0skur9S32Kv1d7KYg1Syb0H6WNQFFjY0SVQnsEY2mx4Fj4hR0xpPiacIqvqHWNzwpaAI1t4Lb-jGBVRxPj_02MAjxuREGrNZu6g_dcs&refId=w%2BiKr66%2FGuOBuDA35O6hLg%3D%3D&trackingId=ugMkUXWGC%2FSAmLTW383NEQ%3D%3D&trk=flagship3_search_srp_jobs
Cash Service Attendant-for Gambela Branch,Dashen Bank,Ethiopia,On-site,https://www.linkedin.com/jobs/view/4197882731/?eBP=CwEAAAGV-8MpsxqI28t0NoMrfq-DN6NijQtq2rdbUVHiQb81HvERp8q1e4yn0wtoZZ0Q5BBctLLbkPTaobmjZV0a-65Va2J5xNv5Ynt6qEZ5Oqx9uaoioq3RoYWGTJSxQdBwnuoW6DpayjY3p62iZj47acfK_3b3GTVqHWFBCXoMRf9NE2KS6eWPVy6xvIUb0HT0jCKOubPr0wXIP_o4uFsDm2zvUGrpx3zammjhz78Bjgv1A_MGG0kuBi0JaKnfG54grlx6RLCKkV_cAM-NiGcJiKfvtsJ5yxopbUMgTp81bq3ox7hZfS1FzGSJ-dTzbfTsfoyy5JM9EfLqtN8kvDS-Vw0YTnYt0AKkj8AttUXACkgXtw6H9DQcEFywp7XXVTddlKuK4h9PsXoe6CKfIKc6BVmw3iUujx_bEBMcp_rMqEIRLZg5Ur8WxOLATg535YdNGuWZU0qtcMD4PuLzpmB49w&refId=w%2BiKr66%2FGuOBuDA35O6hLg%3D%3D&trackingId=mSMPlTtfXoynS3C01oXv5g%3D%3D&trk=flagship3_search_srp_jobs
Network Technician,ethio telecom,"Jijiga, Somali Region, Ethiopia",On-site,https://www.linkedin.com/jobs/view/4199099379/?eBP=CwEAAAGV-8Mps4zYsMUwiiTK8Ic3pxeHoej0r21sG8cfP3YdgUspgxvRUq_Gc4G6pPS5JLPcqODwFxwt61rJv4G3Fb5E-tH6DQay-25RACGPIFSC9oD29XWA-y6RUCvvdcodpDc7J2TCRgVMpsnXJXQecP1V1oYcq_HoFxNfYLWhyH_xsXrYhGVnaKDsdwFnPeUgtbG8Jvs3wK2a0LTiJZczGhHYiPsMh-l56yBrqBnm-0FgFxxSzAdt3mOUISS-66Bty9NLLNhF5kA-bWmJfTu2RdLeNrqyz-TPNjBDlt6vhqkC4WW2YsU-_VO2j6lYRW_pby5yRoxel6YeFFpPp1qlWDowJxYebMeTCkPNW6Y6ApTZ2Zz1Mnb6FD9nwORbHn5bllaZ-EW8NnZuH86W9rvtT3qhJYfYym0u92P2S5mrnmPq3hTMbHmVhCxD9ne_1QQW9RqzGB_l6z--uDuiu2ki3XD_Tfbaueqt4Bx8IAAhqOfY0woWdyV1W6pjY9bdmeGQJ28&refId=w%2BiKr66%2FGuOBuDA35O6hLg%3D%3D&trackingId=HRej2LvB49MS0PZDRemvVA%3D%3D&trk=flagship3_search_srp_jobs
Chief Surveyor,Yergalem construction,"Addis Ababa, Ethiopia",On-site,https://www.linkedin.com/jobs/view/4197385775/?eBP=CwEAAAGV-8Mps5FUpqk1lZGzKYjjNip6SV1IZBTtQLGgqkHhLYXZFJ41NDRgIcYHCj4Vw5yf4DH9k3gSZXLHib7J8Dv_v-q23vMkWfuPCtPbqvHhlkmpZRApoRDU2PLjhUvGSK_zyhLWZBBCDnXTpPzeIScRNEN0Yl5EPl5nieMU67lWztV2kvakdVOam2AfkboifSo-LFpCef_AFzQU3SzI_FwaQOKYNy_r5fF7pngsVHGwQUwNLXN5PpEnIVY5pRfjFoHLlA63JSgsuPfJmYKrDIbmknpiv4Ged9b96h_k7BK9t3-_iSCqk0fWyEe1w4JAN77c4TpUGYtRUHA9Gfj8xeJOfOqvNAcZV8L6l-q4DuAXP4A8LAZ3Y6gLx3faVl3kaGCEHtgyslyiq_fgZ5krjoXGR6bsS8zyuXnuReEvKk6n3vOWxeTBDgIXX1jKkCkq0jc8LpK4X5k-7TPd5t4&refId=w%2BiKr66%2FGuOBuDA35O6hLg%3D%3D&trackingId=AselE2FqF6fi9vln6Ewq5g%3D%3D&trk=flagship3_search_srp_jobs
Volunteer,Eneho_Egna  እነሆ እኛ Podcast,"Addis Ababa, Ethiopia",On-site,https://www.linkedin.com/jobs/view/4197052007/?eBP=CwEAAAGV-8Mps3yqJlRBbJ6c8y0ZUmxbCHigtEKg8ZY45rbu9ggwVQ12tlrlZt1_XnvsezARJJNOnuBREA6F1oJFAmn8k8RQNMaV4ZpJmWt4GKj1Xmi-ggvBtOKUz4ZZL5SqbAxvV7SpIQP_2Gwa_rilQ74Tw0VcAW1VcLCH2vmW9nWVFsy6ebaMohFdDr_6LaxNU-gdu8PUrDhDB0HCx7T4V0JI9m8FN1ZGgzfb3_K5Z5mwJAiYaUR5qndG-6yW1WJtVR7oQLwo-K5WiKo3RUCyB5qXdy9adfUL3CDMiMd6YrZ-8koNV6ZOUHTuiUAjeOyw-Mpip_DJS5dgBhXKcbXXHArCKZMs376liveVwqcXBrkFfAoqN5m_1oNZmNJxuKYugx_m25V0V2nypLM8PIZfwzKhK_TIAab2DvxerIrOUl6RN7u7dZR_uczWH7Vx5166IxGunkmgZeNWyCmzqxUrqw&refId=w%2BiKr66%2FGuOBuDA35O6hLg%3D%3D&trackingId=UcmbJ%2BnLES8j5MuSny%2Bdag%3D%3D&trk=flagship3_search_srp_jobs
Public Relations Event Specialist,Addis Ababa women's children & social affairs bureau,"Addis Ababa, Ethiopia",On-site,https://www.linkedin.com/jobs/view/4196516953/?eBP=CwEAAAGV-8Mps9MgcEuLGkWPJc2itEqKk1rf8mjHMyms_MSww8REQcNmdrqlCcWb-dlXfokwhozRN7RvQ8UdTRj0QjPTbrVHWk5-etfMrpnJQcwT8sOOfC1xYhXQKXu6bF12TY2PPVpFUh1ymW5i7Z_f1KZVlSxgQRE7RkjB4g3tCaV53d-8dKiFeEQGmzrZkvZBhoMj_HXMBLpxGx3Eqzm51Cvjqhc3qyRoH3l5TL7LiEExOvzd4Mdf8qkbfLRMlFDKydCKWglDmNWvYZVu_z_kNKd9YeItOT2-haX20QFlc7QBuXbcxOQluUZVKGlGpei-WS-S663YEq88JKZlnKikhfhdPhDekycx74LDVM2Qm85GTskSKyMy5ykiCG7yHHrzTIdRvEHsH7q6Zg6capBoOUeNEtEZJBIDg3QoCb-yJCIp_I5DejGWTXDnXy1LbBX9hEYsHfuGn5Uc4TiGk-ruD0oK2aHnRWeXx_uKZJ_i4fAwbKRRUWc2fPhMTVmIVTdO3II&refId=w%2BiKr66%2FGuOBuDA35O6hLg%3D%3D&trackingId=6ONo%2FpTSUs8wSw3U2Y8fYw%3D%3D&trk=flagship3_search_srp_jobs
Junior Customer Service Officer - Intern,Sika,"Addis Ababa, Addis Ababa, Ethiopia",On-site,https://www.linkedin.com/jobs/view/4196080832/?eBP=CwEAAAGV-8Mps7Bm9D8RQ3ZyhMOzw4peywYkFkJMeAGBXyVgmweqpXMlYihBmHS-LylfG-kGI3y6HEZGt_Owrcyks2TDhVNYYL_KPv5AMsVWPcj6BV6Y1KkeMWFiDJfn4svtB4pMMIRQWoOZ4iC2tXH4Y_zGkAUDviYuqp3yUDqEMuHLalxsRnKXfjnPLN9m6vkZq9sFOLcP78X9UKcEQpD4iTJ1X2qoq3pgvhSZdstvGOMErFAwzS4ujlYbEKMUQ9KqFWGCRTTrzpUQQxdg29zlLuNnwbc_bM5cqJj-q3_TnaKE4qFJpX4S1b9O3R83IsLM-kSwOChzseTmfWrafSR4mtsmaRuDvjwMC055UhsIfZvkY-2N2UYDzcb1ZQYH82BWRH5fReyo3yhoBABJ2lKr6CJhbRBlKqXPd1NcUpBQ67vJ8GFWjkqKcww0t3XKIVxJIGThWXhJFIo_JLMuiMy7LnCjOKQ25vys9KLfipCA6U-SJzVl7t8jhJW3cJE7vzPvk3TzgSmnNeBEqbWKvQ&refId=w%2BiKr66%2FGuOBuDA35O6hLg%3D%3D&trackingId=eLK%2BYANb9PnBxdcud3RTCw%3D%3D&trk=flagship3_search_srp_jobs
ethics specialist,Ethiotelecom,"Asosa, Benishangul-Gumuz Region, Ethiopia",On-site,https://www.linkedin.com/jobs/view/4197041518/?eBP=CwEAAAGV-8Mps0hxypbJOJP6ZRLc9qizD3Ke3t_xP1VFeB30dZMQM8bRbb7K09cn69BYiqFeNutIK-166xfvQ5hV5Y5psWBPzUJONP4-j-AgAanEaSLtXjKv5q2Ljo0ATjnH5q_yIDc260Ea-ZXVNUwS3HeWjmYOMgxBPyoijrVa2iSf6vCiszP_j-hOZhz07y9oo0WIpNvTZxmxUhbyrovX7tYTL2cADJBoP0C6XFTKCMzmaSHcdMSZoVfK_oYlviR_P8mjuDNmGvAd4LOhtM6Ad1ukmuMBTqz2jOGODKNJhDD_Qe0ztJjt_j_OO7SjaNRU3Wl37RxBAz7zqevLd2qZ3sjY-EK71obzbd4Go7_iCjF-th8JU_0kBMwGM25XQ_h4yi54zfSNlPixc_JYt7twszbriUXgVBFc6kP8pcL6-bNZyxHhBtGioSxfmaS7fCU0jTIgo4QGUSNzNL1FVHyxtaMv&refId=w%2BiKr66%2FGuOBuDA35O6hLg%3D%3D&trackingId=vfCZBDSJS6%2BOU3pQ%2Bj1NsQ%3D%3D&trk=flagship3_search_srp_jobs
Marketing Specialist,Bestsuppliers.com,Ethiopia,Hybrid,https://www.linkedin.com/jobs/view/4198600973/?eBP=CwEAAAGV-8Mps6S_Uz53I7u_3A2vM9YoJBGA90HQcdqzXhgpN6ScTJAbr07x3cvXBuGg1BaZBpCMPR8_kvNuPg2RT22xiL3PES0PK_qV7qvkqNAoeyc-R_kmQYvQVpEXTgy8lBFzZLLEeo3c44kOvvKKAnV5iBz4r5GZCWP_M8g6vLN5yiE6vQ0QO8lqs97w_Rw0CmZg3nOTVwtdJjFrHq4ufCX9tAp0X8Ge3qhy_5ZOU6tSzCHFATfdTcuZbs7pUAPWNsYuIlwtdx5TKYuflzIAgDpJEBhEIxP8KPSsN6DTU64UjS7UxP53OAt-IvCbymIkw0iRGVS-bcLp5bRwZBo-uNC4eTUWkChWVMKk60kjcfQs_j5uPp7nWMBmUIBqsK1PCRcAPhiYtec9oqitniK7PR-d0mfgvi3wxXA04jXxFX4c3ikLMrAiR2V4_sYQUl_0HMwy1b9dDbm_TBtsiHDYYA&refId=w%2BiKr66%2FGuOBuDA35O6hLg%3D%3D&trackingId=%2By1qI1qUylffTHPyWnEKlA%3D%3D&trk=flagship3_search_srp_jobs
Digital Development Specialist - req32527,The World Bank,"Addis Ababa, Addis Ababa, Ethiopia",On-site,https://www.linkedin.com/jobs/view/4195332493/?eBP=CwEAAAGV-8Mps3HnJlB7jV1ic-cvRvUDtitdxs-H5zbtfIqD7vO2u7-fiPRgh3LfLMLyzTodPpiwPdNf6YkW_aNVGFiQkT_zTDGLAOHKsvh5_nMIXMfufTKsTKCkwGJIcYMflu3AsfQvgE_cMNSF5R6fHEDJsrmCbx8UGEan00Rj1OWT5zTFfAZoxe4gW5tA8YOZQkShqTJ5zCN1_FxwHclJlwUF7RgMvgzQLme2Ka2uayVAAT3wMFZtHk_rMlaj9KjgFGxDmgRBILimr5Gq4CvwZ2YlqGSCf1Dj41f867LNS54KEYKtUhAkknpYyMZQDX757wVBrNHsaqjr5-PH_u1PzNFUGyOTmsDMwa4bvPBHF52IDRTb9qtpO9flyb9Lhxel3_vEn_XP3ErtAS7FzljNismxAi6_jVPGtucE6LfIqLIl176govlezANSNU2lBUnsdP7oU1vdlRbcn5YRdZr1jSWdCwmybhrJiBJ0f11gpbLgwiBFLLAR01TMXfGJzMrJo-qOGiwGmq4sfeVueThuiDw&refId=w%2BiKr66%2FGuOBuDA35O6hLg%3D%3D&trackingId=JsNyenHgp8lhSJEak%2BkUuQ%3D%3D&trk=flagship3_search_srp_jobs
"Senior Developer, Trilogy (Remote) - $60,000/year USD",Crossover,"Addis Ababa, Addis Ababa, Ethiopia",Remote,https://www.linkedin.com/jobs/view/4196448550/?eBP=CwEAAAGV-8Mps0FjQDSllgMQT7Sjx1Y0eAHW7mZJ641Ie3Gz9HR_fMNI_P-j0FZkuJPFfVMyxa21LqNiYNP1AFy9duT8w9ON-2DVX_MOKm8xCm3Uz1M4-uyMXjXOym7NF2R5o91JGNEaF78YH693pjl6v5Tr5HPLhJgWEk3eg5LvzR13bTX6Ggr8d-TjUA3wXtwCyV_Z0aJAISRHaGBiy_N335KvdUQO6NXReU1k7An6qOM28Z1sFTtfsn6V_nDBKGhQrP2aCaQTGe1_xm7qjEyRlOJEEAXBdVSlMQSvPQuc55H8G6cE0YHph_b_UkFNGs-3_k3nqIE5JQFAXGu-a_QlsD9tWTHNoQnSxJUxF6wCwrnCwPcFWEjfHPpc9SSCpw3RqqW9jR2ajBtryo9BQ5n1K9O0d9za4pnIwszAcCw5hDLq81Cj0k_jFFOBZALQBoRGWwiTCQWCyxYA8STDbxJuxuQDm1U5xRhDxLmypUi07jZStfe6BX0tXuTJc8zqrLg7CKpSq8zOpk-p_nJC0AupDpk&refId=w%2BiKr66%2FGuOBuDA35O6hLg%3D%3D&trackingId=ecOMlxGXT13k40BGzoYhzQ%3D%3D&trk=flagship3_search_srp_jobs
Telecom Site Engineer,ZTE (H.K) Limited Ethiopian Branch,"Addis Ababa, Ethiopia",On-site,https://www.linkedin.com/jobs/view/4197271538/?eBP=BUDGET_EXHAUSTED_JOB&refId=w%2BiKr66%2FGuOBuDA35O6hLg%3D%3D&trackingId=%2B2uFvyocVijGNmyekTQPZA%3D%3D&trk=flagship3_search_srp_jobs
Slider Revolution Expert,GoFound SEO,Ethiopia,Remote,https://www.linkedin.com/jobs/view/4198010273/?eBP=CwEAAAGV-8Mps_uxeWnd-SHIfTRAukPDKTeU-gqNbGu-Cd3ojIW0qK7xNX7UU38LQMho1G_MXw-dY2a_NweMfjrvKYkIMhOxjoexEmOkBU9wN4S4aNexFVQU4Tnt-Bh4rKYQyEBMru2ni4mO4a8oBeKdeV_BwQYbrhcHXc-_qq9t10cGXphRP-lnqL_iud0D2I0whoWBA3u8-8j1-PBC-fA-qtpWh4MV0MsXREKWPKyJTdDFwxxHQ8itolOUiOkpguWTVPABQwO6DONhxyDpYHdocBnpCAppvjeO0I8A8ad-MMFcdz8TgxnXJYE4tIbkyKL74le1DYawwyCR_2ssdvN1fSrv4X95DXFEq-LjV9AeY6f_ubhcUJJuPRYo5a_qTKnXzWbu1TZleqfGunqyOkSlNbpxoH5iKc9URmxXBgP_oAKBvxH2y6kGAbCQhXdHnhkMyR9wOaWRFH1v0IvFgZI&refId=w%2BiKr66%2FGuOBuDA35O6hLg%3D%3D&trackingId=U21fIgYKqfrezBN%2B%2BBnlqQ%3D%3D&trk=flagship3_search_srp_jobs
Software Engineer,Sensay,EMEA,Remote,https://www.linkedin.com/jobs/view/4197859255/?eBP=NOT_ELIGIBLE_FOR_CHARGING&refId=w%2BiKr66%2FGuOBuDA35O6hLg%3D%3D&trackingId=8LTpRtembCiaz6YfEd%2FWCg%3D%3D&trk=flagship3_search_srp_jobs
Market System Development (MSD) Advisor,SNV,"Addis Ababa, Addis Ababa, Ethiopia",On-site,https://www.linkedin.com/jobs/view/4199595863/?eBP=CwEAAAGV-8Mps9weWosn92GwxA6aulT-01qz-_g4vjGMlUcAgNSlV5BrvYq6hQTiI4HCXQ69qhG5EA7sbXHGhRDBjH5KQ5s7PIqPb7vZiu8gEo4cTLava9udj1q_gqHulwNo1AEGj1Cfy-jFwjBSX1DIBmp-MgwCwm_qa9YO70r211CfP9ug-Fk0o4J6kNzx93z3Srjh2WIWJNgSQnAopSq8hAVjzN0UdHPMmIOXETzqgMztvR-QymSqDdoH7hNu9sqTsEALuaro6pzFeo5GScFh6EBgGuDI_-R1OuiUU-tGr1WyIn1-52fEu7CXEwDQH--9IGE_s7G61AZg_G_Gb7tTzBQNSgiq_eWZ_6hjHY_5PABSPDyPtajo8-_4xwxnc0SC82On_HnpF82fhI-50ynUao7Dcj_7WtxpEcKQdN0S9LtqHbNs_R33MPNQQw9WcGzlF-SVLEvrBq0LgVw4JLJfoQ&refId=w%2BiKr66%2FGuOBuDA35O6hLg%3D%3D&trackingId=PshgDOKWc8Xuv20EOyWEtw%3D%3D&trk=flagship3_search_srp_jobs
Slider Revolution Expert,GoFound SEO,Ethiopia,Remote,https://www.linkedin.com/jobs/view/4198010273/?eBP=CwEAAAGV-8MwszzrGP3kng0toDHu1uPNAsngZWJqHNC4GOGmmffTqWujt5ivqboLBLK4Y4srl7jWpiUszCOtIMwVn6HdjdvW03_gmadRv23yUTV-s2gHVXX7kNZJbr70lq5gJT9GjLbGvRhdOOgsKYQjnSj7fQ93nib03vF4gjKFYqFnQY9lvN9YnqtrJFId1CmqZlFaQW0oPFoxUkHDvwNJcFO8LNW2dtfZU2BE9LYZIYLi80D-tTO39SNmHeNaJgRCvXd_hIJyCpP_oC5hrjiyOkNB_tKZ_lipUAwCD1hhjZ2dJL5AWwjeKQ9dhZp91de5dlVdQEQJ9QF78Rovo2LP05ZXu8LdnDk2_RzfvYynnw2f-kAi_gcyDisvKb7_wby62-F5yI-LFYPsLR8B9GqQ17_zveuSyzfzWS1WpmnnrcNSzxC8-3dRjwgl9mj0zPdmSiqC2eTckDf7GA&refId=nuzkY8XMO5xYeO0tkuokAg%3D%3D&trackingId=2Jga61%2BM6UI2Rqb2rlacGw%3D%3D&trk=flagship3_search_srp_jobs
Software Engineer,Sensay,EMEA,Remote,https://www.linkedin.com/jobs/view/4197859255/?eBP=NOT_ELIGIBLE_FOR_CHARGING&refId=nuzkY8XMO5xYeO0tkuokAg%3D%3D&trackingId=AjNuxAz6zmr%2Bl0KmzxUPzw%3D%3D&trk=flagship3_search_srp_jobs
Market System Development (MSD) Advisor,SNV,"Addis Ababa, Addis Ababa, Ethiopia",On-site,https://www.linkedin.com/jobs/view/4199595863/?eBP=CwEAAAGV-8MwsznKKTaewCBcAj1sIR5BMKVk_-3MNQZdWeLoX1EdMDN1Y4bqXILodseZCQoVKrSOq3ctqrQhGDeWf66LUlm2qkBgyQa-O3LpQZGV6PDhJBCBSKAL__WJVZMuZiH4Qka81BsoFu6IocnHKIvaVkqHPC1MC2BVxPhbJ_7-EsZTGfwohxmg0UUwFXzo5FwTWAH_8zOlUfRpHN8R0c9VSN8sRmegydIrpVS_5FRWndN-VHBU8E7cMu47f-ErlQS8-iN4D15yQQR212Bnjn2uSqcPrydX6rQprV6jqxmoaj5rgHr56ynnt-Emwdolvs22nIb_jY4Y4uMxZ3xmyPYXRGRM9N2L6ZEkQiOvMK8Df3_uYMhsfK5IM5vIBLuZhxpXGx2UihIk9jG0EzVgpjPgJ3hSehoVQHA4ZlB3P-FHUTeYXJ5mCjU-H4V5F5ztbu4OlvIBPpvKDQ&refId=nuzkY8XMO5xYeO0tkuokAg%3D%3D&trackingId=%2F%2B7CbawhHL7bPB2r5ktaAA%3D%3D&trk=flagship3_search_srp_jobs
Power planning and design supervisor,Addis Ababa,"Addis Ababa, Ethiopia",On-site,https://www.linkedin.com/jobs/view/4199204212/?eBP=CwEAAAGV-8Mws82ujWukB1b6CVZoJL-GZMUgifD-zypHiCaR0bnwGoOwVNFArlGqfY7rV3vFe4HGki3Rh3bZs9OCyGU8WWLq_PeFpuGgjeoWRRt0e1kEvPyHBGIhl-6owqvLAoLBRo_6Cng9yfr70qnfzWtD2fI3wudPUc5wF_Edf01CjuG3HxBlyKXF3Lc4ASIwpOycY2BRZl7cisV-SP-F_bsszOb8Z_aqZUbbw8gBxUJCPJnx63rV8R7gSdnT_daSOG_5Ohx9hZ67uA1XAA2pEH-KeeBQZ5Og5P9zn7rFPitP9NhNPPSr9IDF0KhosTwJwi8ugkNVjYhEMts1G0N2U0e5F9peRm6RBkxiTQHLD40_Y3atkW3i-EKoBmsa527dcFTGdg2z6__wc3BwWyQP4Aj7YSFmRTN_l_q5sJ3fy1JyY5C3Yf8fw9HSvWunBToXSnf74kaD9Lk2sTZuLa8&refId=nuzkY8XMO5xYeO0tkuokAg%3D%3D&trackingId=whGgygix3fKF9vY7ickR2A%3D%3D&trk=flagship3_search_srp_jobs
Warehouse Coordinator,Lesaffre,"Alem Gena, Oromia Region, Ethiopia",On-site,https://www.linkedin.com/jobs/view/4197666711/?eBP=CwEAAAGV-8Mws3QR46HQXlmU9cGMZrJyYJjVJULxIFL_DS79d7TaGOVq4ePr4FF5azfQC0uLHKlgOQtW2tEMXpbiFh-K4hOW4tINSLiqkHJq9vloMxTuocFhOfesHolfhjifH5CheUNjAi32u41Wv2W1DLDDVSHjE1T3CWwL-MW8D8X2mtd-eKOG75St7I1sfrHr029dcme_9jMEIThrlLBBWSbE1kwuKyL7rEDf9BoPYh43ftG-NI8Ns1krrYWmnTF6m7GhIt1MK9Vw_WC_Is2bq-xRPikjtU7L9woeXsQgt0gFPWXbTBOACNg-ekYdULJ14CMwJUWkpE--vrfRvkP4_qrO0-3ymn0v8urDfDLPzW7dWujRAf_AbXNePK0mifdr758bfa0Z5I8SoU30yl8V91g4lwvmCO-SobAMNgOawN45aaQzbus2d7lKisLBL2cxCLJZIdudh63AeNnIqQU&refId=nuzkY8XMO5xYeO0tkuokAg%3D%3D&trackingId=8BpMSyUINBTyVty3yfp99A%3D%3D&trk=flagship3_search_srp_jobs
Web Developer,Canonical,EMEA,Remote,https://www.linkedin.com/jobs/view/4182016523/?eBP=NOT_ELIGIBLE_FOR_CHARGING&refId=nuzkY8XMO5xYeO0tkuokAg%3D%3D&trackingId=Dat81wTbfvcSKdXU%2BVfudw%3D%3D&trk=flagship3_search_srp_jobs
PixieBrix Developer - Low code Engineer - AI Team,Foundever,EMEA,Remote,https://www.linkedin.com/jobs/view/4199868023/?eBP=NOT_ELIGIBLE_FOR_CHARGING&refId=nuzkY8XMO5xYeO0tkuokAg%3D%3D&trackingId=x4FB6bdcD1%2FF5Br3cpz4KA%3D%3D&trk=flagship3_search_srp_jobs
ICT Analyst - Fullstack AI Engineer,UNOPS,EMEA,Remote,https://www.linkedin.com/jobs/view/4191198648/?eBP=BUDGET_EXHAUSTED_JOB&refId=nuzkY8XMO5xYeO0tkuokAg%3D%3D&trackingId=VeT3lYkhj3fT21APQasC5Q%3D%3D&trk=flagship3_search_srp_jobs
Back End Developer (remote),HiCareer,EMEA,Remote,https://www.linkedin.com/jobs/view/4196123578/?eBP=NOT_ELIGIBLE_FOR_CHARGING&refId=nuzkY8XMO5xYeO0tkuokAg%3D%3D&trackingId=hb2kxRnnQXybbfUd87ULYg%3D%3D&trk=flagship3_search_srp_jobs
Senior Python Developer,Squirro,EMEA,Remote,https://www.linkedin.com/jobs/view/4199805223/?eBP=NOT_ELIGIBLE_FOR_CHARGING&refId=nuzkY8XMO5xYeO0tkuokAg%3D%3D&trackingId=AxUvVzf53bLTiTO5pWJLPw%3D%3D&trk=flagship3_search_srp_jobs
Dynamics 365 F&O Analyst Programmer (Relocate to Malta/Big 4),Black Pen Recruitment,EMEA,Remote,https://www.linkedin.com/jobs/view/4199547765/?eBP=NOT_ELIGIBLE_FOR_CHARGING&refId=nuzkY8XMO5xYeO0tkuokAg%3D%3D&trackingId=w%2Fo7fxRrzEdr7Glb%2Fqugwg%3D%3D&trk=flagship3_search_srp_jobs
International Consultant - GIMAC Network Coordinator,UN Women,Ethiopia,N/A,https://www.linkedin.com/jobs/view/4197849820/?eBP=CwEAAAGV-8Mws3aaMkmtVAfWAaEDthrdDNs3dZptOWYGa27BFHygcmW6SDLA0f3Dv0QfiEZXVjzJVMPTMa2m6QD9rZ11RGbf2_87tNc-oZVzOyBHgnue4hAZmgxDl6R_IUmWGCKwr9-35RxC_zsuhs77qIkHBMvt7whz-9slHO2LegY2mAtR-24D4jrVRa9yEDbyW-eQ5q8fPOnl7tUXwVYcaWKfNLH0Zab4fh4LdI6Pf9cbEGJhHkHdvRtXH8m3Z1oD1KEINFLiiGUeQTMO0wX_TOdLG1WQB8-01EjQio1QZzgPzp4afq0S-AG9SQy65iStY7Pn0hdeZmzvdbOppGW88Xc6kMyJUlQavwSNoCL3edQGHcE6jLSREEzBFK6jnEUTkz_WiiLzCGPn6afkCF43kLGm2RMwMvJgT5eplNy8kLjNIBkzG5TMTG_jd3rb1F2L_fScW0I75gud8r5RNSgVAR_Gl-C-y-ORoAMo&refId=nuzkY8XMO5xYeO0tkuokAg%3D%3D&trackingId=Oqz34QCQYQPFgtlf1OrGtg%3D%3D&trk=flagship3_search_srp_jobs
Global Partnership Coordinator*,Welthungerhilfe (WHH),"Addis Ababa, Ethiopia",On-site,https://www.linkedin.com/jobs/view/4197046531/?eBP=CwEAAAGV-8Mws5GAdBQsswc1jWb79WHFII0hlMxc_ak-2-oWgcFPQADTmKM0fcUSvvsCTy8zXIFlDY-YdC-8Sd65mlG2JeYLEApa8ldq58kyIQKnRTwixtMF74Pw_FCVqaSJVC2vRmRFA5mYqCVYhUaEbNAKtbE09FJhNV4MD4BLKbUSVzMn2Qp_mhiGkFg-EBvcrb0R3mkCJqgD4egPzgXk0Dxmy4WMuEDOswR6BSHdmo7so92GIAlPb7V-wztok9AV1BdXGS_BLq1BETU-tjKbV8h-5zWInBvqZXTUyQ42XuN26bTid-RD2Z_v3W-qCxTSO2O7rBDpAnkp1hMviBhzuRlBPBu7mq7a7HeXibiDa5rT_9i-dmiAJ81kaf0q4laAhZ9Y6ojWs-gxdL-oJ5uP7-SdmMCHh4yX7KkHNpdP3XTjNHHYoloVbn97DkqlrzS4y17Vey7I_ZrIY_paZRPRUcdX9jEhmERBPQ&refId=nuzkY8XMO5xYeO0tkuokAg%3D%3D&trackingId=JmXh6MxoLHFkKHsCiRUU2w%3D%3D&trk=flagship3_search_srp_jobs
ABAS ERP-ANWENDUNGSENTWICKLER M/W/D,Th. Geyer Ingredients GmbH & Co. KG,"Bike, Somali Region, Ethiopia",On-site,https://www.linkedin.com/jobs/view/4197873622/?eBP=CwEAAAGV-8Mws5_XnBRMSlosHdl-cjUtPLNGzfXAqh9uVMY0sc32QcmHVC4sYkKyXOZbSjyjq64Xw9T3_IJR83RPoV05emN1b1Gqps729vCJR5t7eFJpNM66nyjeOJ3OX7j3ekOQCjfCejG6QfTwWGnQJk_8XfNLuMbpLHazmjjIefghS2zxsHicctWfoGrimLM4jM73nsEFc_orWnyOxUbSMsGp25BBwBOHLAV3OyQpiRfAZSIlnGxjZF4Bo6DwP6B9NMNCLkV3Xuseiy539SNlzF01W85YV94o_-ohjkdfOobzIRzWKQuvf_fEmy5AkpriD1_hAWmahngeuqGW7QZ_iAyy3jXcgjGMLb_bM6uhhbWCHaSFE9PG1k2w_TfLts74vPDWbbJIKZqG3S7iEdgHX7mEovzxhrbQy1PW_DDbol1mXhwEsNLK7LDYeOrgVNsoLGsHrR_G_-twkYHWp_s&refId=nuzkY8XMO5xYeO0tkuokAg%3D%3D&trackingId=AcXP4ZJaholwAPnKqsvxbw%3D%3D&trk=flagship3_search_srp_jobs
Senior PHP Developer,Imploy,EMEA,Remote,https://www.linkedin.com/jobs/view/4199846594/?eBP=NOT_ELIGIBLE_FOR_CHARGING&refId=nuzkY8XMO5xYeO0tkuokAg%3D%3D&trackingId=x4ewxgdgv6mMfFF7aX9ZJw%3D%3D&trk=flagship3_search_srp_jobs
Dynatrace Developer,SoftwareOne,EMEA,Remote,https://www.linkedin.com/jobs/view/4196413717/?eBP=NOT_ELIGIBLE_FOR_CHARGING&refId=nuzkY8XMO5xYeO0tkuokAg%3D%3D&trackingId=YgjwL%2FnikJId2l6Sk1tFuQ%3D%3D&trk=flagship3_search_srp_jobs
Finacial controller,ROB SAMUELSON INTERNATIONAL LIMITED,"Mek'elē, Tigray, Ethiopia",On-site,https://www.linkedin.com/jobs/view/4197582172/?eBP=CwEAAAGV-8Mws7ZeZPHdqhoV5bLrpdx51Fmbo59qxalnBMg1oPMEDuiN7j3dpuTMgjEzgWadWYTD6HM8CCLBTzctLrimSGYjk-SCd9ro-muHe6fwHn1zjCr98j7AFO3n_oXyGnBtx7y3MFSU4tP-Td-_LCPJK56eaCqKR7sCnRehXTKW7N4jSuO0qOnksaOzXrz3YqyNWd-uKixJyBFqf3gCZ-N1jHiwI-un_99NSjdf5X_6crbTuaTqllMWvoOVrhK8T2Y_1VDrLRrb_WHfjmL1TSs_KV5laqpwFv9Qd5uAfzla3WiPGIRQCaE1Rky297oXe6dUFolV-oBRJ81Yt1vd-BfMxdKCJzCmKLpe8tzo5Ecj8XYSTmZIuH2SEiLLkekDVBscpveJ75WQsIyuehnXbpMF0_ogDTWJ7NIn_NxhQ7qCXFgI0BoBswidtCe-sis1u8mL4v4Jb2UhoUJk7vpVu5JPhq2xd2UeMjDl4XIPfCFuJqr6_urYUivYg1PxLwC2KTGe44mvabVq-tZm&refId=nuzkY8XMO5xYeO0tkuokAg%3D%3D&trackingId=c5wqh3il0H4se5q35KUiYQ%3D%3D&trk=flagship3_search_srp_jobs
Back-End Engineer (Node.js/TypeScript) - EMEA,Deel,EMEA,Remote,https://www.linkedin.com/jobs/view/4196118895/?eBP=BUDGET_EXHAUSTED_JOB&refId=nuzkY8XMO5xYeO0tkuokAg%3D%3D&trackingId=MqOYMgrO%2F%2B4olC%2B6zkkfIw%3D%3D&trk=flagship3_search_srp_jobs
TOR Consultant – Building Coaching Capability & Coaching Leaders,Heifer International,Ethiopia,On-site,https://www.linkedin.com/jobs/view/4197594460/?eBP=CwEAAAGV-8Mws4DDEOclNcjWQiY5bdX4Wog9m_IDKMRv5ve9cncvWJAdGvIRSWV2KuXzKJcZHRge4cszgxHDloa0JoZom6WHUPoxc3XM1RIJOf-z-haBu3yThrywIvdIpPF850FWtvLEln16nfubKKOFKQUq3aI2XtwwS65IdJIXvyPbVZBJXS5rz0ZUzyvVZl0vSXPa-hOMUj98XX0Q6yeYWISo9LRqRnM1eMOp-9mGZq_ryxmlAAH-M6s7-40xty2CITLNqm5GN94nBuzj2Ylk8GlBFeVS_9aeRNSC9ScgKK8Eo1mWr4eTK84frZIT3QNo5xZDr_6l-S7-d2SilRBNCK8yXnIdv3rGl0uxpjX8jgVJ5tq6RjIFvVY4CBjv-iDImHZThXRX4b7QoayTcG-fYPAEXXMj79g3RiMN7evHZf6iyGHUNhn6WZypPM_tG2TCuhimTaGBrWggDrp0p2fMrXVg806MSxXltd7Dq0-zjJMouRgtzvBDDOpk9lDMke40HEPyrf_UI3q6&refId=nuzkY8XMO5xYeO0tkuokAg%3D%3D&trackingId=U%2F2zyGoAVuzPDkaNeCY3nA%3D%3D&trk=flagship3_search_srp_jobs
"National Consultant: Baseline assessment of Gates Foundation (GF) Testing Mobile Health and Nutrition Clinics project , Addis Ababa, Ethiopia",United Nations Population Fund (UNFPA),"Addis Ababa, Addis Ababa, Ethiopia",On-site,https://www.linkedin.com/jobs/view/4196425312/?eBP=CwEAAAGV-8MwtLESbMI1XOzSXIUxSe7dVnpKITC_twjr93JXkU1i-r8cINtGQUqn7cMwjQ9AZAJyq-FAT58vTyl6XBq4pYSic7qzluuvQN_19Y2pHB5yoSboDiM2J7kbrY7-CnD-Y4rBcfg0h8XNIEQEkK6CWlx2aNaoXfyRFRYoA46HtzfZGpu76LD6KTCj86rZuQ_-feG8GwmfAe8zMi35QZRzaWd17vcgztufrzkZzlM3R-anbNNFV15OqQW2u6EprOIQ3K4zp_v7-zyUcJ69aXK-ZGTN7R1_NMshzSMs86K0Bsh8F0K9X-OL_79dyAtMn4Qp9h6g4qgcv-Pkv6_0JJZxwajTtdY2GOpodbMR6S47a93sY-i7xJuSpz_e7Dn9WKzPT-9JM5-oO9aUX0rne31Bn2wARbMvcOIqroJBqmZrZFv7R7-YgJ3n2VK2PZ_tMgoEerqWZwDCQglMBJGIVovbspT1tH_GD1QJ&refId=nuzkY8XMO5xYeO0tkuokAg%3D%3D&trackingId=SKQlffulxzHq5A92fStYOg%3D%3D&trk=flagship3_search_srp_jobs
Consortium Director (MYRP II),Save the Children International,Ethiopia,On-site,https://www.linkedin.com/jobs/view/4197820450/?eBP=CwEAAAGV-8MwtM-KLc-sj1bMN8h7P75B1I0FI20GzZQpnAtjplvPcfLKbiDkgNU6nIsqW84y59fneFF4lIMPjKSdl0cAKXoMA_IPgpfK7j8sonI09-3HDiL85HS1aEpMbTZSzSmlQQSFAVq6-ppMk8CAweQiFUEV70kgcrY2Z_-6B22EowZYX0gMyzh647YL39OM9FGeC6XcFb69U7__sR-j0fvq3srm2i0J1P6LIcqXSW_3hLdVGKVkAMwHMUHo2GaNWTbsW1abdu-N5FJnHQEKdULV0pyOMuC_RAlDpfNHiSOGD0TZp-PMvyUsJv-okWJhJ_Bh2k_ebCWqnD85T0iIyfw0O8EO7YeV8-9S8Kn4IDlkBF4t5y22l3eT32SkL91DxbOevuXTOITwbHUn6v9kZ3vr_oTtuYI4q7Hqd_q20OYrijsAsFH1drXemiY_DQeuUrKgvftO6lPrBLguoPHftPYiZL-jncpW9L0oLQ6_GqcVBi1Bius_qtD_R-iJytmPnvJ4ipdQnKNa&refId=nuzkY8XMO5xYeO0tkuokAg%3D%3D&trackingId=UjP5Iw5a54Qupvam%2B82QUQ%3D%3D&trk=flagship3_search_srp_jobs
Structural BIM Modeler,ZIAS Architecture and Engineering,"Addis Ababa, Ethiopia",On-site,https://www.linkedin.com/jobs/view/4197398463/?eBP=CwEAAAGV-8MwtIfeuCkxDp5obGvBUnduExG4zv7SaVnUeLKAUvCWSjHlN7IwYYhIdh8BYi6Dfb_wnx0Oy6Z1ROcj6KcNLqIiLYcr9F94dT85JIveGjgc6cV9tmXZiXkbyi9ypkea0gKa1z-abL0-nxwMeoRR_QpF6SMPuSpH8bdknxnoV-ZCYCnPaLUkTLe0z34R3pYYGo04zl1xqixWotDwbEhNGgNHdF24qRPX1RUGnGYTFmPlhvthTXVuE8T1wzIB0yoVXgxwd_u-3HirDfRXqfuOgV42tjhCAyG9kaHUUH4Fex6vtLModvAT5fMYIygD9L2tes5YDjg3u14Pt89g6GjPd1fBw4B4Mn-o3H7cxY5TeASXQFys3CEUrDRYyUC_e8WT2nCPpnslVktBQcHuF-8Mre59K_3rYDw8kJR7B8jm_8p1UD-rXJJL_Esj_6y7AtU0lc7GWfBk3cJZ6jAGX4tDf-7OtdI2L7briTatj6wj52PiRhtmlyc56-Rkhw&refId=nuzkY8XMO5xYeO0tkuokAg%3D%3D&trackingId=VLJdS0KAucIid5DnKT28TQ%3D%3D&trk=flagship3_search_srp_jobs
Aluminium Cladding Senior Expert,MIDROC Investment Group,"Addis Ababa, Ethiopia",On-site,https://www.linkedin.com/jobs/view/4198004374/?eBP=CwEAAAGV-8MwtMRLFu6PNjL8fTeWNz3EMgKFUhTfgZDQxDFYGi4e_zJjYl3XTkrx6PRYVjEwUgeTXTjjnq7HcHiNAeXD1xHqjjegRzr_CdYzIIDUvILR8X-Be2fw6Z4_A8VGQVKTHDul6Xy_b-hjg3K5lTRRawcC2cdRD7ychkYmGqPPiFQIR9Gtl9ROPCeDn1sZtWNyUCfMUnOv0uPtXAav9FDULjo4iYenyIgUprPajNulRrup15XthTPsd-g1cOIgHn1MSQ-lHJL1wu1I6ewuV_HD_YrXgkf-VDYMw3BsLQ1ADniFU0PYNgNqjXhsw2yfRxi-kIeDEI13T0M2s0jAAUMv-TMrBt_qQPq38MQY2RgUUC_22qdu4YK5tOECts-Gd-rUTgOmUvHpHi9dLnSDypsTm2E-DO0VWKVAWGbT0XyNRlFSF9ZWptamoTEszmdr3oKo2DRRU_s8r4WkYm0pcrvKcK57jKCdd9LpHzm0ZPdi76daHI4ScIXVbzkRyg&refId=nuzkY8XMO5xYeO0tkuokAg%3D%3D&trackingId=RXZBUbLaoxwT%2FwvCkyArVw%3D%3D&trk=flagship3_search_srp_jobs
Field Coordinator,Orbis International,Ethiopia,On-site,https://www.linkedin.com/jobs/view/4194879086/?eBP=CwEAAAGV-8MwtBw4FGXa_lg3DGwwDqNdlXYJVV6tSOBwFyoN-64d_uVbgaQXjWhUuSEntCRfL4YuforvwsAPyrmOqa5vo0pQEUqZekqnWosX7gP67z4vJES_15Wa3LosYEdMzLQOBbJGCjD716GVL24dFur6xLo0SnhqonLqt1hPTP7dEiZvME4ySReVSrrzRFTYqX2KtePkaq11dUBe80k_d50qhvEmwa2HvYZQxBzK6QAY7RAcxSeA4K-VKBJ8ORIa_ekw65ywlepDp6O9O6E2Y1ka3PX_bN8sTaT1t7NWJHWAdANS3CoVYIFNL1a7VKxVe_SHKtSMd_jokKylHzNTykPB3GUNEQoVT8Sew8YRZ7mncZLI5IalFUBwN68vl1-0okcgo0oz3to8SXMK6J_W1aUjoYoXEqQ9gHT5cOocw1RGze1beqqnD8mVg2Cl-g-KpE3967J13Oxt5L5OCazcN0UpuapCi5XnOw&refId=nuzkY8XMO5xYeO0tkuokAg%3D%3D&trackingId=MBY6DCZkvM74Mp2zj9kWBg%3D%3D&trk=flagship3_search_srp_jobs
"Senior Software Developer, Trading Technology (Query Stack)",BitMEX,EMEA,Remote,https://www.linkedin.com/jobs/view/4193721674/?eBP=NOT_ELIGIBLE_FOR_CHARGING&refId=nuzkY8XMO5xYeO0tkuokAg%3D%3D&trackingId=aZj9F9oWM3DyO7Y18hgG8w%3D%3D&trk=flagship3_search_srp_jobs
Coders - AI Training [Remote],Braintrust,EMEA,Remote,https://www.linkedin.com/jobs/view/4195722292/?eBP=NOT_ELIGIBLE_FOR_CHARGING&refId=GBW9lfudawbnL2UbAm3XrQ%3D%3D&trackingId=Kz39n63GhteT%2BNuytu7hXQ%3D%3D&trk=flagship3_search_srp_jobs
Cash Service Attendant-for Benishangul Branch,Dashen Bank,Ethiopia,On-site,https://www.linkedin.com/jobs/view/4197888137/?eBP=CwEAAAGV-8vmMaYllEJjSQ7FZYOSr-ukob8z9pkr7evhRBx5HoZw8LCFquDCB37anJYRZoAf5zvFvXVUih7H1FgpPxrMtvaLfqYq4Gkb5Njk-Q7mDNr75HC3RQntIC-IGH-HT2SlX5SKqTlBczExAP6V4LruSUxqlBFp_Rj7ngv9X_ydZKd-QZgI0ZHi3zIpXGmM4ja-BTxiXnxONioOU8MJ1Fn0dNaennN-iCD3uguiyDEPpa-6aIbAxWze8JEAmk1Em6uokzZuL2HFczKT3IuTfgzItPcp1HUe9utCCPN7avM0OARVi9rjt2Qgto9g9SW-BuuZAiyRAO8rUJjDQdV2oAusBtlBDixtcVRLF6tWg_JIc28Ss91wzHxZUEtFwYbI2rvGnLXAox6PX2pkhY0o6EmWV3-MWUXBuCfbFVCoR0zgbpgCLqe44BtB6yXN1c94VhPIhFwH8-37Vw&refId=GBW9lfudawbnL2UbAm3XrQ%3D%3D&trackingId=83IwESivy3e702YpdkOF%2BQ%3D%3D&trk=flagship3_search_srp_jobs
Senior District Agency & Digital Sales Officer-for Nekemte District,Dashen Bank,Ethiopia,On-site,https://www.linkedin.com/jobs/view/4197881819/?eBP=CwEAAAGV-8vmMm8k4Y1lS-wlcE4E74cYUmOcluE5g4orcGJzywW7AqDCXvaYHbxf8RsYCFs1BCiDu4Tc36YMNqnxPzAVRNihfHnnARf33wYKWERiqGuABNdtgGEVCsVxL8GXFJwIB5pIHhB6YTE7Bt4W5p03YBHScnrWKhnWfbODZ5Q1yIZ1ul53SWl-rYBxIE2jQjqb5_zXYPAf6kJyLyvkJNo8XLnavs-XP87QMbkbvqYeFAXrzZaktX8N1bP2AD-7PTSko3bYHT2Nif2Zctf3hFZdodXo049VYfGC_6Y6I7iF_6CFthTd-iiCDW98II-f4UARfrdHCtcXDgK295aNViUw37kLmBVx2gVKKoQupeaWpmVgBr2vOi2rA4l4maeMObGZdhfsP6oxPZoZuDyuYYqeniwIjiCXVvKZpt2t8ZPxz2Tz22L-36-3CxjVG6-5yq_t-MQoEvZ1d-jXeNI&refId=GBW9lfudawbnL2UbAm3XrQ%3D%3D&trackingId=dEMQNqVYCEhjwD8QIaIATA%3D%3D&trk=flagship3_search_srp_jobs
Software Engineer - Javascript,micro1,EMEA,Remote,https://www.linkedin.com/jobs/view/4197069641/?eBP=NOT_ELIGIBLE_FOR_CHARGING&refId=GBW9lfudawbnL2UbAm3XrQ%3D%3D&trackingId=qx%2FZ6qoOKR3Av0358LQKKg%3D%3D&trk=flagship3_search_srp_jobs
Smart Contract and Backend Developer,Braintrust,EMEA,Remote,https://www.linkedin.com/jobs/view/4184506393/?eBP=NOT_ELIGIBLE_FOR_CHARGING&refId=GBW9lfudawbnL2UbAm3XrQ%3D%3D&trackingId=aHvyo%2Fu5Owuz0GNlaDkU2w%3D%3D&trk=flagship3_search_srp_jobs
Smart Contract and Backend Developer,Braintrust,Sub-Saharan Africa,Remote,https://www.linkedin.com/jobs/view/4184505667/?eBP=NOT_ELIGIBLE_FOR_CHARGING&refId=GBW9lfudawbnL2UbAm3XrQ%3D%3D&trackingId=Hipx3arr%2FYCZ7SffgOQ1dg%3D%3D&trk=flagship3_search_srp_jobs
Full Stack Developer (Remote),Braintrust,Sub-Saharan Africa,Remote,https://www.linkedin.com/jobs/view/4183446017/?eBP=NOT_ELIGIBLE_FOR_CHARGING&refId=GBW9lfudawbnL2UbAm3XrQ%3D%3D&trackingId=gwnY%2F1msxhGKeP4%2BqPvwyQ%3D%3D&trk=flagship3_search_srp_jobs
Full Stack Developer (Remote),Braintrust,EMEA,Remote,https://www.linkedin.com/jobs/view/4183440515/?eBP=NOT_ELIGIBLE_FOR_CHARGING&refId=GBW9lfudawbnL2UbAm3XrQ%3D%3D&trackingId=1rUvT9gMYD9cm78ZGheL%2Bw%3D%3D&trk=flagship3_search_srp_jobs
C Developer,micro1,EMEA,Remote,https://www.linkedin.com/jobs/view/4196817185/?eBP=NOT_ELIGIBLE_FOR_CHARGING&refId=GBW9lfudawbnL2UbAm3XrQ%3D%3D&trackingId=xO0vSGM3tF2NovmWYgusSA%3D%3D&trk=flagship3_search_srp_jobs
Developer Relations Engineer,Canonical,EMEA,Remote,https://www.linkedin.com/jobs/view/3737844256/?eBP=NOT_ELIGIBLE_FOR_CHARGING&refId=GBW9lfudawbnL2UbAm3XrQ%3D%3D&trackingId=1ogmhdTB4syLfw7237DWDA%3D%3D&trk=flagship3_search_srp_jobs
Commis Chef - DT Addis Ababa,Hilton,"Addis Ababa, Addis Ababa, Ethiopia",On-site,https://www.linkedin.com/jobs/view/4094964046/?eBP=CwEAAAGV-8vmMmdknQEnWK1wtXIIQrBHYm6STDcJdjA1Sa0TMLg55O0WhylXS7Q4paWy8cbt-M-PAs-iqCykIUXYcffoGfSQ3m5t9IHWB9045szyKWvnkw43iftrSQ5k_ISgeVAEH4GnD8zAx9C-U5GTvvwopuK0ibsw-UjTsVAnWuBCesJItIX4aqvbpQ1x5ov11X0XNgwpSwLc8MTsVk3E81Wjdx3LsQUOeQTUq_1c3t7gwL8Muawa0Vt-x_md1mtbRL05Lq37BSJrruyaRk-AuEwImpISR0LaHbLIb3kKwKUih-2_yzZikQqQn5JST7zFkhDu5z9KdeqsnPaMilEbShqQTc0nrbwbrUxj9lR2DqbAA2-XlszwsYUNTnygrSy2vv2TydNSGttbHmFIepPKXSgdwoqCo7WD93PfRjNbAaHlzLdma6zzxj-ju7u_zHFT6hXdvpdXnWAvVvLULxyCJTkAfT-ogflGDgqPV58fVontmox_rSCNlefcW93Q80zUjbQrLjh1Qg&refId=GBW9lfudawbnL2UbAm3XrQ%3D%3D&trackingId=%2BBhhazK%2FgjgTDudssXQ2gA%3D%3D&trk=flagship3_search_srp_jobs
Developer Relations Engineer,Canonical,EMEA,Remote,https://www.linkedin.com/jobs/view/3665789876/?eBP=NOT_ELIGIBLE_FOR_CHARGING&refId=GBW9lfudawbnL2UbAm3XrQ%3D%3D&trackingId=UD4mkCMzWcd9mHaCf7djDg%3D%3D&trk=flagship3_search_srp_jobs
Mobile Application Developer,micro1,EMEA,Remote,https://www.linkedin.com/jobs/view/4197075615/?eBP=NOT_ELIGIBLE_FOR_CHARGING&refId=GBW9lfudawbnL2UbAm3XrQ%3D%3D&trackingId=KIz7r%2Fgky7s0u1OrIjEIxA%3D%3D&trk=flagship3_search_srp_jobs
Security Officer - DT Addis Ababa,Hilton,"Addis Ababa, Addis Ababa, Ethiopia",On-site,https://www.linkedin.com/jobs/view/4094961338/?eBP=CwEAAAGV-8vmMvhlBUQlPsjDDY4TV9rvK3gtAySPT4bS8OAT_6r_pTLL9XXWFUDTrLVddCYzXKeSDtLM3A0fKxpcjU9oxKEBIvqMi2THq4q7SLuzaGyO1klWfHl9lPWYfIkYP8AoAKIbTxByACl7B6goBMzUFcQ8vPmEk-Ch75AJwIQiM0NCeUnpSGVGoweDsJWdetW4z-b1CxZujJSlzcbkGW43cc7FjDf9CxWJvkcucaw7gduRTOvR9ogWPOCNaHHQyXJRcuqMBM5BDHWt-n4qdxjph72NwojrfS-CnvA5PUmOM7r376MiwyHzI3AftaGQU9NKbEtGCA2fWEn1__3qJblS2Ibl-IfNoSk3PhqoXGVe3AaQvQm1PTbHbGZBrmn353wxRPT_cgrwoOh4gx7tSecFlDSpDUTLMRTh52G6xpo1vHGKW62FMdFk7N_ZPfWf22fN4cEjBSGWoLWDntF05HNawS5ZGyDNWqW0IamNMZsU0rVNJLkpoAuxPVgnyBAVAk6EeIXUJeIF&refId=GBW9lfudawbnL2UbAm3XrQ%3D%3D&trackingId=un1ZbgS5SrH5JIfYPAlVZg%3D%3D&trk=flagship3_search_srp_jobs
Driver - DT Addis Ababa,Hilton,"Addis Ababa, Addis Ababa, Ethiopia",On-site,https://www.linkedin.com/jobs/view/4094732173/?eBP=CwEAAAGV-8vmMsm-bOdkDpP4NgQyZVuwL7PkGoCmvyPbfmR9SYi9y-A5MWRWZDN40Dz30pvOC7mT6Wut2LOHH4cZqu6O6ViBQR6IpKrwpKKqbLu0OGn1eWIvTGwFLrQlLccHRZZQEN-16DKMLGWo1pLz_k4qRmbNEyIKZpJCTZO9D_UMmWIi1hHfXQbulKS2mZkN-WMJXTj_iUGURlUqUdc9RYzJGgoMZqf8660-CWw3KimV7GwBY_74lOBKBbLsiwQobAJNVxDa0FuzlVxBThgA6Y61OhQwhvXJchXrbGI-wv4sA-HiJL988aRWqEmKuBD2yaFC2GwAtZo-rPIPbdhpSQD4_1zQXfsDsOi5MpVuXYJ0-ooJIoFXClDG5hy8ix1ztGrmtDeprFEwrzVSaBTrNSIGwPHr_YMJTmLyGuU2qa0F7PKzAwjJu_NTxsYK3P2rIbsb60CSJzv-1Mo6RnJFvHWQBlqZVVlVq6HKHmUTo-PeyVN6AlYe0UQGqLHptpbg8NO3u29EAA&refId=GBW9lfudawbnL2UbAm3XrQ%3D%3D&trackingId=kvdTFgdeZ0Z6C54%2B7A6Lgg%3D%3D&trk=flagship3_search_srp_jobs
Frontend Developer,HiCareer,EMEA,Remote,https://www.linkedin.com/jobs/view/4196123563/?eBP=NOT_ELIGIBLE_FOR_CHARGING&refId=GBW9lfudawbnL2UbAm3XrQ%3D%3D&trackingId=kD5cb6DPqr32pPt9xF42qw%3D%3D&trk=flagship3_search_srp_jobs
"Golang Software Engineer, Commercial Systems",Canonical,EMEA,Remote,https://www.linkedin.com/jobs/view/3748409583/?eBP=NOT_ELIGIBLE_FOR_CHARGING&refId=GBW9lfudawbnL2UbAm3XrQ%3D%3D&trackingId=Vz0Xse9p2fknVHIAsCf1IQ%3D%3D&trk=flagship3_search_srp_jobs
QEHS Assistant Intern,Sika,"Addis Ababa, Addis Ababa, Ethiopia",On-site,https://www.linkedin.com/jobs/view/4192115713/?eBP=CwEAAAGV-8vmMs1TESQdLCJ8SpNk90ygeQGwvNtOYIm7UHJvLKr_LOr-gSfGDC4xMA5fVYqThJIjtSJGzN8_OIhOoNWYBmb0ma3Vta2BLFw6ccIJutzM8gw0lT9LpaxirrTaOTEQ4Ejmj7mYkRGYZmIG5OerCYzJDEhyJFWoy8Enh81rHGrEHgBTjEkt7kzFP4aEzZqk59h9p81nK5X1eRknoVh8eCeDo2odscw1uRInBOpyhLcMxL2gWD6yBEEKZfOH7ckx7u7Ww1UK0u7HgdKWJeMjsdNkGnwdPcHd2I043s2G3_EzIBLGZeC6voGOWDKbNXURLv6dUJ7s9RBdV_JhJORMbm4ysUvgHBZLbEQj0vPeF2iKFDoVHdGpbe0vVC1lq-JKamC2DPhBMjM3tHvj3b1pET--VdoXfH7ohsogYAnB2dIXBmI4CyN4NfiN8afC8bVCpXBuKa2SCH077VHnViHA3MZJQ20lIV9G&refId=GBW9lfudawbnL2UbAm3XrQ%3D%3D&trackingId=uiIQtfEjZBlKachJNaWt7w%3D%3D&trk=flagship3_search_srp_jobs
Consortium Director (MYRP II),Save the Children International,Ethiopia,On-site,https://www.linkedin.com/jobs/view/4197821453/?eBP=CwEAAAGV-8vmMjZ-ilpSqKP5vfxU2P_qgxh18Idcd5ePW_oBPcUdBV28T_ZFziepw4VJ6LzOH77n6cCaZL7nH3vsO_XdH7lNILtXG0xOb71Phsyk9oKqanRijkMaeNKUDILQRfsHaPnD3Yp2EP99zo-rpQwnvm5OtqldrAnUt9Cl8N29ROlVAnhLcPhd_kn-CJnWfy9cg7DhdI6LaBNEDJzFypyN3RWpdexbOkQj8AP5F4-bCJDMPmMcL7RBKSK1Wjdw3_fVcjiwxC2KdqtsEclHbXM7uMdWFiQ5bXyFa7uifiOaz0Ms7j8VqLsEgX4LEdS5AM3G1MMX9BSyi37qKqkit4wOPsM9V8OVZ1I2Wgs6wEe1nz9ef4C2If33rucmgrT2tnxrdW5QVBDnzniozDRc8o-q-cL-mVRo1Bgl0ZbPN6Qp4VZsK5ZlZ9mQXlLYyt2WAsGMDAf9SWNPp0d_DOgbzu-YXrQ8cEP1LMgqaYe9oY5LAi0k6kh5k5mHI2Okz1M9As_LxHMAN7mdxS0&refId=GBW9lfudawbnL2UbAm3XrQ%3D%3D&trackingId=9bewfl4DHlTbczNxffSLuQ%3D%3D&trk=flagship3_search_srp_jobs
Consortium Director (MYRP II),Save the Children International,Ethiopia,On-site,https://www.linkedin.com/jobs/view/4197815936/?eBP=CwEAAAGV-8vmMhpJSVmDCpUQxb39QmZHPLG1wMSqx4bS9ck6lBDN27lp4bvR4ol1GU9Z50YtmsJrFtgtq0BSqZG5TZwiXDlHAXF0SAzgoZzY9anczum2geiglEkX-ITpxO5jhtoIRY3gCoppo6pL6B9GmTGIISyIQB1sL2o6t3xzKnuDPVDMA-gdKEFxdTQ0pxHZ3CGgBsHzDfPGzdg_gr3-HLKnZwhCEQvjE5dDAnlRHaMqrtXYUxFNnTpCaW3QwX5t1BapHJ4k1hdFA04riPDBaluJs5M4xH-eJNWjLvLjngsE4hPt-mTabk6Tv4rosxY0Eg4L6CMMAEhw0Um8KpmPWAZ_zGrBfOqmtwx9i4kE5SV0SIIOIQbDdCDT3wCJcgfdfAZER9u2pLZBgNtz7Uq_1AosdGvhEGrvCi0VtzLdB7q_VEDyCO1bHmRuLUKjw7u6D9iUwl-Xyr23TLqdMSYO6pdE2BUVhPHUJd0cUcAtkvWdrsNIm4us0b1K3PcMf1_-RYVwcP3St6BI&refId=GBW9lfudawbnL2UbAm3XrQ%3D%3D&trackingId=cIX%2Bgp8o86WRBsCXTm%2BVWQ%3D%3D&trk=flagship3_search_srp_jobs
Key Account Manager,Roche,"Addis Ababa, Addis Ababa, Ethiopia",N/A,https://www.linkedin.com/jobs/view/4198016078/?eBP=CwEAAAGV-8vmMtJCiQCVxiFSRWYVfWTZKiLS_2v_cxKdusKB9l7sX1x9w2ZSEvMwTZYM0hLMCa6CnvfwcFtm-5InLewvNgkvCtImpFSKdMJfFgLZatn5l0sUwjoPR9fCisdKjAPRSDRtLlSlUmiMmv9oRLL6Qk9UKXqTny1Xhh7kHmpk3MdUbP8qAwyhhiJJglOWid-Vmpag4zkQ7FJgksCkqwAzWRDroHf59oinTdxxaVB2jTbpfR41zQ_RiKclDpJXXfQwAVbWNyQUWs_nU99c-w61AkyTl_5oF9nD8nFsC5x_rtLcZiKUl32Mkrf22Wg4FBwFA2xt7FBEv7yHTVkpWNzCPK6j0OWUvS4v-VQOR3BIbfGa_O06xm0n1NjrSlkJXE8Ge8doeBb_iN1c5CR6ls9dLl40pH1aa6_RBsNmC3vUNRWWlXYXON_s5Wm0uO3jfbFCF7JL75Z1pi-vm7SHFo1_TK5QJPNgk7fn1fvQUPUwL6IF5fBrhLIV-p4h4pjfhwbY4D7qp77d8gBXdA&refId=GBW9lfudawbnL2UbAm3XrQ%3D%3D&trackingId=3L84Y58xFjUG7Jo6%2B5U96g%3D%3D&trk=flagship3_search_srp_jobs
Key Account Manager,Roche,"Addis Ababa, Addis Ababa, Ethiopia",N/A,https://www.linkedin.com/jobs/view/4198012752/?eBP=CwEAAAGV-8vmMhO3OLCg5csTeZokCnJoiVM2r85jM-K_CbKBWa6B4n_YzSlkkPfswXXA4FGud3w78xs_6YQ1KKQALaLCdknBj8YGoRHRjA-wpywuwQCr7L9Atow6-kF2pZR9l8yc4Q97sA8EJv4qY30pWp_4uVIJR1TyZEWmfX08cODCuwoIhuiWrwV57hcBP9Q_bgyTzZcZ4lQ21KmdLH0tSt07UUKgzxZTWHGt5A6b3teIy3CMB0XFFP1idVtJD6GWsADaz_bZbM-flThG0YKX5Zwl9XtfFlqHkDSZ69aQ6-Rhrev3sEONtTzjedUDSn54X4RZoMHfd2d5e7zOUpinrpoLygG7vG_W5Wrpt5XWQzShRVvWnZX_qKQNfHI3O0I1GIsi_HNEeXV4vYUlYczoy_uMbZmPuqL0oNZF2whFWBATBHYUfV-KwiWP0X-8EQZmUX8TF_feBSuyKaMXDLuTSH2ImNMKR32W3Iw9GQz7Lmi8u4ghqFttfU7kFH8avpr4rY9S-a4GNNJGGVceXg&refId=GBW9lfudawbnL2UbAm3XrQ%3D%3D&trackingId=FhG9De9B%2B3t03YX9bA37wA%3D%3D&trk=flagship3_search_srp_jobs
Staff Solidity Engineer - MetaMask (Delegation),Consensys,EMEA,Remote,https://www.linkedin.com/jobs/view/4128419786/?eBP=NOT_ELIGIBLE_FOR_CHARGING&refId=GBW9lfudawbnL2UbAm3XrQ%3D%3D&trackingId=FBSI31HPy5Mmusccy2lU4g%3D%3D&trk=flagship3_search_srp_jobs
DevSecOps Engineer,Cyberr®,EMEA,Remote,https://www.linkedin.com/jobs/view/4197330382/?eBP=NOT_ELIGIBLE_FOR_CHARGING&refId=GBW9lfudawbnL2UbAm3XrQ%3D%3D&trackingId=jDrxCLPFpy8A2EBfsuGQ1w%3D%3D&trk=flagship3_search_srp_jobs
Senior React Developer,Moonrail Limited,EMEA,Remote,https://www.linkedin.com/jobs/view/4194903682/?eBP=NOT_ELIGIBLE_FOR_CHARGING&refId=GBW9lfudawbnL2UbAm3XrQ%3D%3D&trackingId=vVihpWLa1jEMIVlzUYZ6BQ%3D%3D&trk=flagship3_search_srp_jobs
ETTA Solutions PLC,ETTA Solutions PLC,"Bole Lemi Industrial Park, Addis Ababa, Ethiopia",On-site,https://www.linkedin.com/jobs/collections/recommended/?currentJobId=4194394991&eBP=NOT_ELIGIBLE_FOR_CHARGING&refId=nhXxoFTJzfVl6%2FBQKi8%2B5g%3D%3D&trackingId=DQ4HveJXWMvGQvezWJ6gXg%3D%3D
ACK3,ACK3,Ethiopia,On-site,https://www.linkedin.com/jobs/collections/recommended/?currentJobId=4118393332&eBP=NOT_ELIGIBLE_FOR_CHARGING&refId=%2BdwTxGtDetlfYblAOLQxlA%3D%3D&trackingId=XZYHe9pDNPesLCk3IYLAQw%3D%3D
Euro Exim Bank,Euro Exim Bank,Ethiopia,Remote,https://www.linkedin.com/jobs/collections/recommended/?currentJobId=4193621467&eBP=NOT_ELIGIBLE_FOR_CHARGING&refId=%2BdwTxGtDetlfYblAOLQxlA%3D%3D&trackingId=HRFeW78H5T962OJgzk7oaw%3D%3D
Scalence L.L.C.,Scalence L.L.C.,"In, Tandjilé, Chad",Remote,https://www.linkedin.com/jobs/search/?currentJobId=4182129109&eBP=NON_CHARGEABLE_CHANNEL&f_TPR=r604800&f_WT=2&geoId=103537801&keywords=developer&origin=JOBS_HOME_REMOTE_JOBS&refId=WFOBszBsm0mME6BewJS7Ng%3D%3D&refresh=true&start=50&trackingId=a6yzYYXMqset06c8QbKZyQ%3D%3D
Remote Recruitment,Remote Recruitment,South Africa,Remote,https://www.linkedin.com/jobs/search/?currentJobId=4200104786&eBP=NON_CHARGEABLE_CHANNEL&f_TPR=r604800&f_WT=2&geoId=103537801&keywords=developer&origin=JOBS_HOME_REMOTE_JOBS&refId=WFOBszBsm0mME6BewJS7Ng%3D%3D&refresh=true&start=50&trackingId=0vl8UlRmf1Qpag7yGEA%2FxQ%3D%3D
Datavio.ai,Datavio.ai,South Africa,Remote,https://www.linkedin.com/jobs/search/?currentJobId=4157821361&eBP=NON_CHARGEABLE_CHANNEL&f_TPR=r604800&f_WT=2&geoId=103537801&keywords=developer&origin=JOBS_HOME_REMOTE_JOBS&refId=WFOBszBsm0mME6BewJS7Ng%3D%3D&refresh=true&start=50&trackingId=7VXakIVydZ5L2mSphkqz4w%3D%3D
Happy Dog Ethiopia,Happy Dog Ethiopia,"Addis Ababa, Ethiopia",Hybrid,https://www.linkedin.com/jobs/search/?currentJobId=4199833843&eBP=NON_CHARGEABLE_CHANNEL&f_TPR=r604800&f_WT=3&geoId=100212432&keywords=developer&origin=JOBS_HOME_HYBRID_JOBS&refId=piiEzE05dqheJA3%2Fu3KfiA%3D%3D&refresh=true&start=50&trackingId=iHPsMrMPSB9MJoy93VAVGA%3D%3D
Riftronix Software and Technology,Riftronix Software and Technology,"Addis Ababa, Ethiopia",Hybrid,https://www.linkedin.com/jobs/search/?currentJobId=4199965656&eBP=NON_CHARGEABLE_CHANNEL&f_TPR=r604800&f_WT=3&geoId=100212432&keywords=developer&origin=JOBS_HOME_HYBRID_JOBS&refId=piiEzE05dqheJA3%2Fu3KfiA%3D%3D&refresh=true&start=50&trackingId=sISSMtJSy58tEHmVRML9ZQ%3D%3D
Melkabello Woreda Health office,Melkabello Woreda Health office,"Harar, Harar, Ethiopia",Hybrid,https://www.linkedin.com/jobs/search/?currentJobId=4199868669&eBP=NON_CHARGEABLE_CHANNEL&f_TPR=r604800&f_WT=3&geoId=100212432&keywords=developer&origin=JOBS_HOME_HYBRID_JOBS&refId=Z2SEmRtLtU9Hxv9mlmj7tg%3D%3D&refresh=true&start=50&trackingId=Hr34S0Gvurs4rJY7izNEGA%3D%3D
